Student_ID,Age,Gender,High_School_GPA,SAT_Score,University_Ranking,University_GPA,Field_of_Study,Internships_Completed,Projects_Completed,Certifications,Soft_Skills_Score,Networking_Score,Job_Offers,Starting_Salary,Career_Satisfaction,Years_to_Promotion,Current_Job_Level,Work_Life_Balance,Entrepreneurship
S00004,25,Male,2.43,1497,170,2.81,Computer Science,3,9,1,10,6,1,57400,7,5,Mid,5,FALSE
S00007,27,Male,2.36,1011,610,3.83,Computer Science,0,1,3,3,3,2,55500,7,4,Mid,3,FALSE
S00008,20,Male,2.68,1074,240,2.84,Computer Science,1,5,5,5,1,2,38000,2,3,Entry,3,FALSE
S00010,28,Male,3.02,1415,138,2.33,Computer Science,1,5,3,10,2,0,58900,4,2,Senior,2,FALSE
S00016,25,Female,2.6,1023,571,3.61,Computer Science,3,5,2,9,9,3,34500,7,4,Senior,3,FALSE
S00039,20,Female,2.93,1150,455,3.1,Computer Science,3,4,4,7,9,3,25000,3,3,Entry,4,TRUE
S00051,19,Male,3.66,1376,624,3.14,Computer Science,2,0,2,7,5,1,42000,6,5,Senior,2,FALSE
S00058,27,Male,3.06,1096,695,3.77,Computer Science,3,4,0,9,3,0,82700,10,5,Entry,5,FALSE
S00059,22,Female,2.1,997,239,3.51,Computer Science,2,6,1,5,4,5,35400,9,5,Senior,9,FALSE
S00063,29,Female,2.47,907,597,2.89,Computer Science,0,0,4,7,3,1,65600,9,2,Entry,3,FALSE
S00079,19,Male,3.15,1020,30,3.18,Computer Science,1,2,3,10,8,0,25000,4,4,Senior,3,TRUE
S00083,27,Male,3.33,995,615,2.91,Computer Science,2,3,1,9,3,4,36000,8,4,Mid,8,FALSE
S00085,25,Male,2.52,1328,74,2.39,Computer Science,0,3,0,3,3,1,56600,9,4,Executive,3,FALSE
S00088,26,Female,2.67,1111,748,2.7,Computer Science,3,9,3,8,10,3,42700,8,4,Senior,6,FALSE
S00097,29,Female,3.18,1341,947,3.81,Computer Science,1,9,5,2,6,3,51800,3,2,Entry,10,FALSE
S00109,28,Male,3.02,1320,713,3.39,Computer Science,1,5,2,3,3,1,33900,7,2,Senior,3,TRUE
S00158,22,Female,2.76,1208,562,3.17,Computer Science,3,0,1,9,9,2,47100,2,5,Entry,9,TRUE
S00182,26,Female,2.5,1488,772,3.33,Computer Science,4,9,1,2,5,2,67900,4,3,Executive,1,FALSE
S00186,26,Female,3.53,1252,586,3.39,Computer Science,4,2,4,9,1,3,82200,5,4,Entry,9,FALSE
S00190,26,Male,2.36,1584,260,3.69,Computer Science,0,6,4,1,6,4,38900,2,4,Entry,5,FALSE
S00203,28,Other,2.56,1309,70,2.82,Computer Science,3,2,0,10,7,4,39000,4,2,Entry,10,FALSE
S00207,21,Other,2,1322,370,3.37,Computer Science,3,6,0,3,3,4,35400,9,2,Mid,3,FALSE
S00210,27,Male,2.58,1106,5,3.37,Computer Science,4,5,2,3,8,3,46300,3,4,Entry,6,FALSE
S00226,23,Male,2.05,916,310,2.05,Computer Science,1,4,2,9,10,2,25000,10,4,Entry,1,FALSE
S00227,24,Other,2.89,1125,274,3.65,Computer Science,1,7,2,3,2,0,26000,6,4,Entry,9,FALSE
S00229,18,Other,3.36,1555,840,2.42,Computer Science,4,6,5,1,8,3,25600,8,1,Executive,5,FALSE
S00248,19,Female,2.75,1483,182,3.42,Computer Science,3,9,2,6,2,4,66100,1,5,Entry,8,FALSE
S00252,18,Male,2.18,966,620,3.07,Computer Science,1,4,5,2,8,0,57300,3,2,Entry,4,FALSE
S00258,21,Female,3.19,1302,302,3.94,Computer Science,2,3,2,10,10,3,27000,10,4,Entry,8,FALSE
S00260,28,Male,3.66,1228,873,3.93,Computer Science,2,2,0,4,4,5,29500,7,5,Entry,8,FALSE
S00268,21,Female,3.8,1076,89,3.3,Computer Science,0,0,4,1,7,0,54300,10,2,Entry,3,FALSE
S00274,25,Other,2.54,1094,120,2.65,Computer Science,1,3,3,3,4,0,57900,3,2,Senior,1,TRUE
S00277,29,Male,3.36,1146,633,2.2,Computer Science,0,9,2,9,3,4,47000,10,1,Mid,4,FALSE
S00278,26,Female,2.35,1223,428,3.52,Computer Science,3,4,2,5,5,0,47000,3,1,Senior,5,FALSE
S00286,27,Male,2.94,1322,793,2.78,Computer Science,0,5,0,5,6,1,66800,3,2,Mid,10,FALSE
S00287,26,Male,3.75,1455,701,3.04,Computer Science,2,5,1,10,1,5,57700,8,3,Mid,3,TRUE
S00301,20,Male,2.84,979,844,3.02,Computer Science,3,3,4,5,3,1,61200,10,3,Entry,7,FALSE
S00313,21,Male,3.99,1430,298,3.19,Computer Science,1,4,1,5,4,4,50200,10,5,Mid,10,FALSE
S00324,23,Female,3.7,1301,302,3.08,Computer Science,3,5,4,5,1,5,44700,3,4,Senior,2,FALSE
S00332,21,Male,2.44,1270,944,3.88,Computer Science,2,5,4,4,3,3,64100,3,5,Mid,6,FALSE
S00335,24,Male,2.58,1079,851,3.34,Computer Science,1,1,5,4,7,0,59100,5,5,Entry,8,FALSE
S00337,18,Female,3.6,1498,466,2.65,Computer Science,3,1,4,4,3,2,44800,1,3,Mid,4,FALSE
S00345,23,Female,3.07,978,947,2.32,Computer Science,2,1,0,3,10,2,73700,10,2,Entry,8,FALSE
S00351,28,Female,2.39,1567,632,3.14,Computer Science,4,8,2,8,10,5,64300,10,5,Mid,8,FALSE
S00353,22,Female,2.46,1367,415,3.72,Computer Science,1,4,1,6,4,3,62200,9,5,Senior,7,FALSE
S00355,29,Male,2.74,1016,368,2.09,Computer Science,0,4,1,2,7,1,40900,4,4,Entry,8,FALSE
S00367,23,Female,3.41,1462,730,3.69,Computer Science,0,1,1,8,1,0,71900,8,4,Entry,7,FALSE
S00370,26,Male,3.62,1242,819,3.47,Computer Science,1,0,4,4,7,5,63000,6,2,Mid,10,FALSE
S00374,22,Male,2.43,1029,256,3.55,Computer Science,3,8,4,6,10,1,55600,10,5,Senior,6,FALSE
S00380,24,Male,2.29,1381,618,3.41,Computer Science,0,1,3,3,8,0,67100,1,2,Senior,3,FALSE
S00382,20,Male,3.62,1413,575,2.71,Computer Science,3,1,5,5,1,3,40000,7,1,Entry,7,FALSE
S00383,19,Female,2.35,1220,154,2.87,Computer Science,4,7,2,4,2,4,74700,10,5,Mid,3,FALSE
S00385,27,Female,2.67,1196,351,2.35,Computer Science,0,9,1,8,2,0,69200,6,3,Mid,7,FALSE
S00410,19,Other,3.45,1176,344,2.43,Computer Science,3,7,4,10,7,1,41100,10,4,Executive,10,FALSE
S00417,21,Male,3.05,1555,596,3.41,Computer Science,3,1,1,5,3,3,71100,8,1,Senior,2,TRUE
S00426,19,Female,3.45,1588,614,2.68,Computer Science,1,9,5,4,10,2,42400,9,5,Mid,2,FALSE
S00438,27,Female,2.16,939,387,3.82,Computer Science,4,1,2,10,1,5,37300,1,2,Entry,3,FALSE
S00454,21,Female,2.35,1568,365,2.87,Computer Science,3,2,1,8,1,2,46500,7,3,Mid,5,FALSE
S00457,25,Male,2.46,914,335,2.33,Computer Science,1,8,0,6,4,4,67100,6,5,Mid,4,FALSE
S00460,29,Female,2.98,1151,590,3.04,Computer Science,1,6,3,9,10,5,48700,10,3,Entry,9,FALSE
S00463,18,Female,3.05,1235,218,3.21,Computer Science,4,9,3,6,10,1,68800,1,5,Mid,8,TRUE
S00465,20,Female,2.33,1460,852,3.99,Computer Science,4,4,1,3,3,4,31300,7,1,Senior,8,FALSE
S00473,24,Male,3.11,1075,330,3.81,Computer Science,2,0,0,2,6,1,25000,10,4,Mid,10,FALSE
S00485,22,Female,3.13,1105,353,3.74,Computer Science,1,3,2,2,7,1,58300,10,1,Entry,2,FALSE
S00500,18,Female,2.95,985,640,3.15,Computer Science,0,9,4,7,6,0,58000,6,5,Mid,10,FALSE
S00503,29,Female,2.96,1055,51,2.99,Computer Science,4,4,5,1,6,1,58200,3,5,Mid,10,FALSE
S00505,27,Male,3.37,1420,582,3.75,Computer Science,1,1,1,4,6,3,59100,3,5,Mid,10,FALSE
S00512,27,Male,2.8,1194,163,2.69,Computer Science,2,5,0,10,10,3,59300,2,1,Entry,1,FALSE
S00540,18,Female,2.1,1234,882,3.57,Computer Science,3,0,2,2,2,2,25800,2,2,Entry,10,FALSE
S00549,27,Female,2.88,1541,598,2.09,Computer Science,4,0,2,6,5,0,57500,8,5,Entry,7,FALSE
S00550,28,Male,2.09,1362,679,2.4,Computer Science,4,8,3,3,7,0,27700,2,1,Senior,6,FALSE
S00551,29,Male,3.84,1113,129,3.5,Computer Science,2,0,2,7,3,2,33700,1,3,Entry,6,FALSE
S00552,29,Male,2.94,1484,510,3.42,Computer Science,4,9,1,8,7,3,65100,9,3,Senior,2,FALSE
S00560,25,Female,3.24,1420,141,2.09,Computer Science,4,7,4,2,2,2,55000,9,3,Entry,6,FALSE
S00561,27,Female,3.01,1220,686,3.53,Computer Science,4,8,3,10,9,1,72000,4,5,Entry,2,TRUE
S00570,22,Male,2.7,1588,922,2.88,Computer Science,4,9,4,5,2,2,26200,2,5,Entry,7,FALSE
S00573,25,Male,3.34,1200,318,3.55,Computer Science,0,0,2,1,8,2,62700,2,1,Entry,10,FALSE
S00576,22,Male,2.23,1379,364,2.59,Computer Science,4,0,1,4,7,4,60900,1,3,Mid,9,FALSE
S00577,26,Male,2.19,1314,55,3.28,Computer Science,4,4,1,1,1,0,72100,9,5,Entry,7,FALSE
S00589,24,Female,2.62,1200,359,2.83,Computer Science,3,5,0,5,10,2,69400,10,4,Mid,9,FALSE
S00596,24,Female,2.28,1093,363,2.42,Computer Science,1,5,5,9,4,5,30200,7,4,Senior,2,FALSE
S00601,18,Male,2.73,1168,107,3.49,Computer Science,4,1,3,4,10,3,55600,2,2,Entry,10,FALSE
S00603,26,Female,3.56,1162,527,2.82,Computer Science,4,7,2,8,2,0,32600,1,2,Mid,1,TRUE
S00604,23,Male,3.51,1325,929,3.26,Computer Science,1,3,3,6,6,3,37200,3,2,Entry,8,TRUE
S00606,20,Female,3.25,1591,499,2.84,Computer Science,1,6,2,5,8,2,34200,8,5,Mid,2,FALSE
S00607,18,Female,3.28,1327,525,3.19,Computer Science,4,3,2,10,8,3,34800,7,4,Mid,8,FALSE
S00608,21,Male,3.26,1296,759,3.89,Computer Science,1,8,2,3,1,3,26700,2,4,Entry,1,FALSE
S00624,21,Male,3.66,1066,611,3.13,Computer Science,1,7,1,10,1,1,34100,6,3,Mid,3,FALSE
S00632,22,Male,2.45,1417,930,3.93,Computer Science,1,1,5,4,4,3,51900,1,4,Mid,9,FALSE
S00636,27,Female,3.29,1034,422,3.39,Computer Science,1,3,3,8,1,3,32800,10,1,Senior,3,FALSE
S00656,27,Female,2.65,1461,92,3.85,Computer Science,1,0,4,10,10,0,35600,9,4,Entry,6,FALSE
S00663,18,Male,2.9,1310,3,3.27,Computer Science,0,5,0,3,3,0,50700,3,5,Entry,5,FALSE
S00669,21,Female,3.14,1221,859,2.6,Computer Science,0,6,0,8,9,4,34000,9,1,Mid,7,TRUE
S00671,23,Other,2.23,1011,464,3.89,Computer Science,2,8,1,1,1,5,25000,2,5,Senior,9,FALSE
S00674,29,Female,2.16,1168,308,2.73,Computer Science,3,3,1,6,9,4,69900,7,4,Entry,9,TRUE
S00679,27,Male,3.29,1525,807,3.69,Computer Science,4,6,3,7,5,0,59700,3,1,Senior,3,FALSE
S00680,20,Male,2.67,1349,302,3.98,Computer Science,1,7,3,1,9,4,36200,10,2,Senior,4,FALSE
S00683,19,Male,3.27,1154,508,2.3,Computer Science,2,0,2,4,6,4,66300,10,5,Entry,10,FALSE
S00696,18,Male,3.03,966,439,2.39,Computer Science,1,4,3,7,4,5,56800,4,5,Entry,8,FALSE
S00701,22,Female,3.83,1186,366,3.22,Computer Science,1,7,2,6,9,2,35000,4,3,Entry,2,FALSE
S00708,28,Male,3.16,917,222,3.59,Computer Science,3,3,4,6,9,2,25000,9,2,Mid,10,FALSE
S00710,22,Male,3.16,908,2,2.12,Computer Science,4,1,0,10,6,5,73600,4,5,Entry,7,FALSE
S00711,21,Male,2.57,1319,910,2.78,Computer Science,0,3,3,10,10,4,56800,2,2,Entry,3,FALSE
S00712,20,Male,2.73,928,394,2.98,Computer Science,1,8,1,9,6,4,28400,2,4,Senior,10,FALSE
S00721,23,Male,2.55,1126,997,2.09,Computer Science,3,6,4,10,9,0,44800,1,2,Entry,8,FALSE
S00745,29,Male,2.91,1556,970,2.03,Computer Science,0,6,4,5,9,2,57800,7,1,Mid,8,FALSE
S00748,21,Female,3.14,1096,609,3.67,Computer Science,2,4,0,9,8,3,51700,8,3,Senior,2,FALSE
S00752,26,Female,3.09,1523,7,3.88,Computer Science,4,3,1,9,10,3,67500,3,3,Mid,2,FALSE
S00753,18,Female,2.08,947,556,3.56,Computer Science,1,7,5,1,3,3,37900,4,1,Entry,3,FALSE
S00756,29,Male,3.9,1064,194,3.05,Computer Science,4,3,0,7,10,2,32800,4,3,Executive,1,FALSE
S00767,28,Male,2.51,909,579,3.9,Computer Science,1,1,1,5,1,4,34500,6,4,Mid,4,FALSE
S00772,23,Female,3.5,1120,699,3.04,Computer Science,0,4,0,6,3,0,44600,2,1,Entry,5,FALSE
S00793,18,Male,2.98,1417,144,2.45,Computer Science,4,9,2,9,1,2,72200,1,4,Entry,2,FALSE
S00805,20,Male,2.27,1111,874,2.31,Computer Science,3,8,0,5,5,4,42700,2,5,Mid,7,FALSE
S00807,22,Other,2.29,1565,639,3.08,Computer Science,1,3,2,1,9,5,35500,1,1,Entry,1,FALSE
S00810,20,Female,3.43,1246,405,3.69,Computer Science,3,4,1,1,7,4,43700,9,2,Entry,9,TRUE
S00822,23,Female,2.94,1115,564,2.56,Computer Science,3,8,3,3,6,4,54400,6,4,Mid,6,FALSE
S00825,28,Female,2.79,1501,193,2.01,Computer Science,2,7,0,4,5,2,25000,7,1,Entry,10,FALSE
S00835,24,Female,3.55,1072,752,2.57,Computer Science,4,3,4,7,4,4,62000,6,5,Entry,7,FALSE
S00837,22,Female,3.32,1460,593,3.52,Computer Science,3,7,3,7,7,3,65000,4,4,Entry,4,FALSE
S00844,19,Female,3.02,952,928,3.6,Computer Science,2,9,3,10,1,4,52200,7,2,Mid,6,FALSE
S00848,19,Male,2.81,1038,6,3.1,Computer Science,3,8,1,2,4,0,45600,3,1,Entry,6,FALSE
S00853,26,Female,2.27,1549,917,2.13,Computer Science,2,8,1,5,5,2,54700,4,4,Executive,8,FALSE
S00860,20,Female,2.8,1570,962,2.57,Computer Science,0,1,1,6,4,2,62000,5,1,Entry,3,FALSE
S00873,19,Male,2.06,981,388,3.98,Computer Science,1,2,1,1,8,2,43200,2,4,Entry,4,FALSE
S00880,20,Male,2.01,1096,309,2.22,Computer Science,2,6,1,7,4,3,66100,6,5,Mid,1,FALSE
S00884,28,Male,3.35,1482,918,2.86,Computer Science,3,5,3,3,1,3,38300,8,2,Executive,1,FALSE
S00888,25,Female,2,1134,988,2.62,Computer Science,1,1,0,4,6,1,74900,4,3,Mid,6,FALSE
S00892,20,Female,2.03,1444,454,2.59,Computer Science,3,8,4,10,8,2,55300,8,1,Mid,7,FALSE
S00895,19,Female,3.67,1316,194,2.46,Computer Science,2,3,5,1,3,2,39200,7,3,Entry,2,FALSE
S00896,27,Male,2.19,1537,327,3.84,Computer Science,2,9,2,2,6,1,67600,3,2,Mid,5,FALSE
S00912,19,Female,3.88,1059,85,3.89,Computer Science,2,7,0,9,4,1,52400,9,3,Mid,8,FALSE
S00946,29,Female,3.83,999,538,2.59,Computer Science,2,6,0,8,7,2,37300,6,2,Entry,2,FALSE
S00962,27,Female,3.01,996,439,3.3,Computer Science,1,9,1,5,6,3,48200,1,5,Senior,10,FALSE
S00964,26,Male,3.27,1538,189,3.25,Computer Science,0,3,3,3,8,1,29000,5,3,Mid,4,FALSE
S00979,29,Male,2.05,1570,550,2.27,Computer Science,4,2,0,6,3,4,45200,5,1,Executive,3,FALSE
S00986,27,Female,3.46,1088,98,3.17,Computer Science,1,9,1,3,9,1,50300,9,3,Entry,5,FALSE
S00991,23,Female,3.02,1524,913,2.18,Computer Science,2,0,1,5,2,5,62200,2,5,Senior,7,FALSE
S01018,21,Male,2.74,1434,912,2.41,Computer Science,1,0,2,4,7,5,38200,1,4,Entry,2,TRUE
S01022,25,Female,3.77,1404,470,3.99,Computer Science,4,8,5,4,8,0,61300,6,5,Entry,3,TRUE
S01030,20,Female,3.62,1025,225,2.58,Computer Science,4,3,2,10,6,5,55200,8,3,Entry,2,TRUE
S01042,29,Male,3.08,1584,445,2.84,Computer Science,3,0,4,9,9,1,57500,9,1,Mid,7,FALSE
S01044,27,Female,3.52,1397,110,2.85,Computer Science,4,3,1,3,2,0,56200,8,2,Mid,2,FALSE
S01046,22,Male,4,1260,828,2.14,Computer Science,3,7,3,9,10,0,47900,5,3,Entry,4,FALSE
S01054,25,Female,2.4,1522,763,3.18,Computer Science,3,4,5,2,7,1,59800,2,4,Entry,7,TRUE
S01067,18,Male,3.06,1583,394,3.37,Computer Science,1,8,5,4,1,3,55300,4,4,Senior,1,FALSE
S01069,28,Male,3.58,1479,686,2.27,Computer Science,1,4,2,9,1,5,39800,8,1,Mid,8,FALSE
S01071,23,Male,3.56,1503,621,2.09,Computer Science,2,6,1,2,4,2,25000,4,4,Executive,2,FALSE
S01074,18,Male,3.75,1364,803,3.22,Computer Science,0,8,4,6,10,2,32600,5,4,Entry,5,FALSE
S01085,20,Female,3.07,1348,815,3.22,Computer Science,4,2,0,1,10,1,88500,6,3,Mid,2,FALSE
S01107,19,Female,2.46,1049,272,2.99,Computer Science,0,0,1,6,2,0,40500,7,5,Entry,9,FALSE
S01112,20,Male,3.34,1550,676,3.93,Computer Science,0,4,5,8,5,3,58000,3,3,Entry,10,FALSE
S01127,20,Male,2.57,988,826,3.96,Computer Science,1,7,2,4,7,2,25000,3,4,Entry,4,FALSE
S01135,21,Male,2.59,1509,696,2.06,Computer Science,0,6,5,8,1,0,52800,2,1,Entry,3,FALSE
S01145,28,Male,2.95,1324,248,2.78,Computer Science,1,3,0,5,5,4,41700,10,4,Mid,2,FALSE
S01151,27,Male,2.9,1373,542,2.7,Computer Science,4,1,1,9,9,5,60800,1,4,Entry,8,FALSE
S01154,27,Female,2.38,1110,773,2.39,Computer Science,2,7,2,6,7,0,59700,3,3,Entry,5,FALSE
S01156,23,Male,2.51,957,141,2.13,Computer Science,4,6,5,10,2,1,36200,7,2,Entry,7,FALSE
S01158,21,Male,3.74,1114,305,2.02,Computer Science,3,6,4,10,10,3,25000,10,2,Entry,8,FALSE
S01159,25,Male,3.33,972,345,3.39,Computer Science,3,1,3,6,2,4,80900,3,2,Senior,6,FALSE
S01160,21,Female,2.68,1366,562,3.24,Computer Science,1,2,5,5,2,5,53700,4,3,Senior,7,FALSE
S01166,19,Male,3.91,918,638,2.28,Computer Science,0,9,4,3,6,1,85500,5,2,Entry,10,TRUE
S01172,27,Other,3.38,1573,842,2.43,Computer Science,3,8,1,1,10,5,49500,9,1,Mid,7,FALSE
S01204,18,Male,3.86,1129,365,3.38,Computer Science,1,2,2,5,7,2,58400,9,4,Entry,7,FALSE
S01206,27,Male,2.93,1185,608,2.56,Computer Science,3,0,3,8,10,2,53000,3,4,Senior,9,TRUE
S01207,26,Female,2.18,1037,790,3.33,Computer Science,1,7,2,1,2,0,33600,7,1,Entry,3,FALSE
S01209,20,Female,2.58,1514,160,3.25,Computer Science,0,4,5,4,3,1,49000,9,5,Senior,2,FALSE
S01211,26,Male,3.09,1575,934,2.66,Computer Science,1,2,1,6,2,5,57100,3,3,Mid,10,FALSE
S01216,22,Male,2.38,1460,381,3.55,Computer Science,1,1,3,9,8,3,65400,4,3,Entry,10,FALSE
S01220,23,Male,2.79,989,389,3.1,Computer Science,3,0,0,9,10,1,25000,6,4,Entry,9,FALSE
S01225,24,Female,2.15,1254,351,3.49,Computer Science,4,6,2,5,9,1,53500,6,1,Mid,1,FALSE
S01227,25,Female,3.78,1188,66,2.81,Computer Science,2,6,1,1,3,3,45000,6,2,Entry,4,FALSE
S01233,21,Male,2.73,1428,267,2.42,Computer Science,3,4,5,5,5,0,46600,8,2,Entry,6,FALSE
S01234,26,Male,3.69,1039,794,2.08,Computer Science,1,4,5,10,8,1,87500,7,3,Entry,6,FALSE
S01236,27,Female,2.88,1562,194,3.5,Computer Science,2,0,2,5,2,3,45400,9,3,Entry,7,TRUE
S01239,21,Male,2.07,1039,886,3,Computer Science,4,9,2,10,7,2,35300,10,4,Mid,10,FALSE
S01258,26,Female,3.01,1407,137,2.81,Computer Science,1,7,4,5,8,4,57600,5,1,Entry,1,TRUE
S01267,23,Male,3.24,1445,628,3.82,Computer Science,2,8,5,10,1,1,47100,10,3,Entry,10,FALSE
S01277,18,Male,3.44,1548,897,3.64,Computer Science,3,7,2,2,4,5,36600,3,4,Mid,5,FALSE
S01286,24,Other,3.61,1159,143,2.73,Computer Science,2,6,3,1,4,4,36800,8,5,Mid,2,FALSE
S01308,24,Male,2.99,1308,545,3.37,Computer Science,0,4,4,9,2,2,58300,8,2,Entry,5,FALSE
S01311,27,Male,3.4,1139,410,3.78,Computer Science,2,7,4,7,5,4,25000,2,5,Entry,2,FALSE
S01325,24,Female,2.77,1565,18,3.38,Computer Science,4,9,0,9,2,1,29200,8,1,Senior,5,FALSE
S01329,28,Female,2.1,1296,889,2.42,Computer Science,4,9,4,2,8,1,49500,3,1,Mid,1,FALSE
S01333,22,Female,2.21,1143,831,3.02,Computer Science,0,1,0,6,1,1,54500,6,5,Mid,1,FALSE
S01337,29,Male,3.87,1198,163,2.56,Computer Science,2,8,0,5,7,0,25600,6,3,Entry,8,FALSE
S01343,28,Female,2.64,1584,857,3.4,Computer Science,3,8,4,8,9,0,34500,9,1,Entry,9,FALSE
S01344,21,Male,2.26,1499,45,2.42,Computer Science,1,0,5,2,4,5,47100,8,5,Entry,4,TRUE
S01345,21,Female,2.75,1381,970,2.81,Computer Science,1,2,3,1,10,2,59700,4,4,Entry,4,TRUE
S01349,24,Female,3.18,1234,918,3.17,Computer Science,2,3,1,7,2,3,42500,8,1,Mid,4,FALSE
S01356,22,Male,3.13,1586,786,3.62,Computer Science,4,7,1,2,4,2,43100,6,4,Mid,4,FALSE
S01373,21,Female,2.78,1394,58,3.92,Computer Science,4,2,2,7,2,5,55300,5,5,Mid,6,FALSE
S01376,23,Female,3.16,1355,991,3.76,Computer Science,1,3,2,4,7,0,68200,6,4,Entry,1,FALSE
S01387,18,Male,2.57,1387,403,2.61,Computer Science,4,3,3,7,1,3,69400,7,5,Senior,6,FALSE
S01391,24,Male,3.93,1511,138,3.26,Computer Science,2,8,4,9,9,4,41700,7,5,Entry,2,TRUE
S01401,26,Male,3.56,1482,813,3.34,Computer Science,4,1,1,2,10,1,50800,8,1,Mid,10,FALSE
S01404,28,Female,3.6,1556,642,2.49,Computer Science,3,0,3,9,8,4,49900,6,5,Mid,8,FALSE
S01416,21,Male,3,1417,711,3.57,Computer Science,0,5,0,1,8,0,48200,4,2,Entry,1,FALSE
S01423,23,Male,3.43,1489,673,2.03,Computer Science,0,4,3,7,1,4,43000,7,1,Entry,7,FALSE
S01428,27,Female,2.41,987,422,3.12,Computer Science,4,3,5,1,2,2,63700,5,1,Mid,7,FALSE
S01434,28,Female,3.57,1216,266,3.84,Computer Science,0,1,0,6,2,4,82000,6,4,Mid,10,FALSE
S01437,29,Female,3.37,917,360,2.08,Computer Science,3,3,4,6,1,1,37100,9,1,Entry,10,FALSE
S01443,27,Male,3.7,1318,665,3.43,Computer Science,3,5,0,3,6,4,39400,7,5,Entry,4,FALSE
S01453,22,Female,2.98,1027,896,3.33,Computer Science,3,6,3,7,5,5,31500,6,5,Senior,3,FALSE
S01459,25,Male,2.39,1122,757,2.58,Computer Science,4,4,0,8,5,0,39500,9,5,Entry,9,FALSE
S01470,25,Male,2.36,931,326,3.71,Computer Science,4,9,0,7,4,5,25000,7,3,Senior,1,FALSE
S01483,18,Female,3.39,1290,751,3.82,Computer Science,0,2,1,5,3,2,52000,1,1,Executive,8,TRUE
S01490,22,Male,2.04,1459,253,3.84,Computer Science,4,8,4,2,4,2,56700,10,1,Mid,6,FALSE
S01503,20,Female,2.26,1088,502,2.07,Computer Science,3,2,3,2,9,1,25000,1,2,Entry,3,TRUE
S01507,29,Male,3.48,1157,102,2.63,Computer Science,3,8,5,10,5,3,53900,5,3,Executive,6,TRUE
S01518,18,Female,2.92,1235,266,2.09,Computer Science,4,9,2,8,7,4,31400,6,2,Mid,4,FALSE
S01523,29,Male,3.36,1368,859,2.14,Computer Science,4,7,0,7,7,5,62800,5,1,Executive,4,FALSE
S01525,20,Female,2.99,950,259,2.6,Computer Science,2,8,1,3,3,0,59000,3,5,Mid,10,FALSE
S01573,20,Male,2.53,1595,385,2.76,Computer Science,4,6,0,3,4,0,60200,6,5,Mid,7,FALSE
S01580,29,Female,3.11,1562,361,2.27,Computer Science,1,6,4,3,9,2,45300,9,4,Entry,1,FALSE
S01594,27,Male,3.44,1109,924,2.66,Computer Science,2,5,0,10,10,0,58400,6,5,Mid,6,FALSE
S01598,19,Male,3.36,1458,491,2.93,Computer Science,3,3,4,4,6,0,46700,7,4,Mid,2,FALSE
S01599,20,Male,3.66,1281,849,3.33,Computer Science,2,7,0,8,8,1,30700,10,5,Mid,3,TRUE
S01613,21,Female,2.19,1170,517,3.17,Computer Science,0,9,2,9,9,2,46700,2,1,Entry,8,FALSE
S01614,22,Male,3.21,1320,965,2.13,Computer Science,4,9,0,5,3,0,60100,3,5,Entry,6,TRUE
S01625,22,Male,3.06,1448,969,2.3,Computer Science,0,1,2,3,7,3,37200,8,2,Entry,1,FALSE
S01628,26,Male,4,1087,484,2.56,Computer Science,0,0,2,9,9,4,52300,3,2,Entry,10,TRUE
S01641,25,Male,3.88,917,390,2.03,Computer Science,1,4,5,10,1,5,25000,5,5,Mid,10,FALSE
S01670,26,Male,2.27,1369,123,2.13,Computer Science,4,3,4,2,4,3,56600,2,4,Senior,9,FALSE
S01679,19,Male,3.9,1550,588,3.17,Computer Science,4,4,4,8,9,4,64600,2,5,Mid,8,FALSE
S01680,18,Male,3.27,1143,616,3.89,Computer Science,3,0,3,4,4,1,44300,8,4,Senior,9,FALSE
S01686,26,Male,3.12,1230,605,2.1,Computer Science,3,8,3,2,2,5,34900,5,3,Mid,8,FALSE
S01687,26,Female,2.65,1104,656,3.41,Computer Science,2,0,3,10,1,5,42000,7,1,Entry,8,FALSE
S01689,22,Female,2.07,1317,590,2.61,Computer Science,1,8,1,10,4,3,33800,9,3,Entry,9,FALSE
S01690,19,Female,3.63,1548,263,2.31,Computer Science,3,8,4,5,8,1,42000,3,5,Entry,1,FALSE
S01698,20,Male,3.89,1153,25,2.6,Computer Science,4,9,2,3,2,0,36500,1,2,Mid,9,FALSE
S01702,27,Male,2.67,1398,693,2.95,Computer Science,4,5,5,4,1,3,46000,3,2,Entry,10,FALSE
S01718,23,Male,2.48,1333,296,2.35,Computer Science,2,1,1,1,2,5,65800,9,3,Entry,5,FALSE
S01721,29,Female,2.35,1161,202,3.17,Computer Science,1,9,3,5,8,0,69200,7,2,Entry,4,TRUE
S01723,18,Female,3.82,1051,62,3.62,Computer Science,1,5,2,2,1,1,54600,4,2,Entry,3,FALSE
S01726,20,Female,2.3,1522,126,3.37,Computer Science,0,4,2,7,10,0,50400,1,5,Entry,5,FALSE
S01728,20,Male,3.79,1219,49,3.81,Computer Science,2,0,0,7,10,4,56900,7,2,Entry,3,FALSE
S01736,25,Male,2.69,1599,493,2.9,Computer Science,2,7,4,10,9,2,52900,9,2,Entry,10,TRUE
S01738,25,Other,2.58,1351,993,2.22,Computer Science,2,4,4,3,3,4,61200,1,3,Entry,3,FALSE
S01739,29,Female,3.13,1312,572,3.3,Computer Science,3,4,0,1,3,0,40200,5,1,Mid,9,FALSE
S01746,22,Female,3.24,1296,963,3.38,Computer Science,2,5,5,2,6,3,72000,7,5,Mid,7,FALSE
S01753,22,Male,3.81,1113,995,2.7,Computer Science,1,8,5,3,3,3,49300,2,3,Senior,6,FALSE
S01755,27,Male,3.05,1428,97,3.9,Computer Science,2,5,3,1,6,4,74800,5,2,Senior,9,FALSE
S01760,27,Male,2.63,1013,359,3.58,Computer Science,0,1,5,1,5,3,79000,2,5,Entry,9,FALSE
S01770,28,Male,3.79,1106,538,2.25,Computer Science,3,6,4,5,1,5,43400,7,2,Mid,4,FALSE
S01771,18,Female,3.87,1419,654,2.75,Computer Science,0,9,4,4,7,5,58400,1,1,Entry,3,TRUE
S01783,26,Female,3.31,1470,466,3.18,Computer Science,3,3,1,2,6,5,37500,2,1,Entry,7,FALSE
S01789,21,Female,3.51,1147,259,2.42,Computer Science,2,5,0,8,4,2,33500,9,4,Mid,10,FALSE
S01790,21,Male,2.45,1267,477,2.55,Computer Science,3,6,4,1,8,5,47100,5,3,Entry,2,FALSE
S01792,19,Male,2.32,997,840,3.21,Computer Science,4,2,3,2,5,0,42700,1,2,Entry,6,FALSE
S01809,21,Female,2.64,1316,164,2.82,Computer Science,0,2,5,3,1,3,66300,4,4,Mid,4,FALSE
S01813,29,Female,3.41,1195,238,3.6,Computer Science,1,4,3,1,4,1,62900,8,5,Entry,6,FALSE
S01824,19,Female,3.44,1434,730,3.23,Computer Science,0,3,1,9,8,3,64200,8,5,Senior,1,TRUE
S01827,20,Female,2.99,1247,749,2.33,Computer Science,0,2,1,7,5,1,70800,9,5,Entry,5,FALSE
S01838,20,Male,3.3,1304,490,3.02,Computer Science,4,6,5,7,6,1,50200,4,4,Entry,2,FALSE
S01839,18,Female,3.13,1320,5,3.81,Computer Science,4,8,3,8,2,4,46600,1,5,Entry,6,FALSE
S01848,20,Female,3.04,1327,812,2.11,Computer Science,2,2,1,3,9,0,60900,1,2,Senior,10,TRUE
S01861,25,Female,3.11,1431,328,3.36,Computer Science,4,5,4,4,10,0,43200,10,3,Mid,4,FALSE
S01864,29,Male,2.78,982,950,2.51,Computer Science,3,4,4,7,4,0,51700,8,5,Mid,9,TRUE
S01865,28,Male,3.83,1442,863,2.3,Computer Science,0,6,0,9,2,3,48500,7,2,Entry,7,FALSE
S01871,25,Male,3.04,1138,284,2.66,Computer Science,1,6,1,7,6,3,52400,4,4,Mid,9,FALSE
S01883,21,Male,2.78,1098,668,2.16,Computer Science,4,8,3,6,1,2,48800,1,5,Entry,9,FALSE
S01897,22,Female,3.43,1162,303,2.01,Computer Science,3,0,3,5,2,1,33000,3,5,Senior,1,FALSE
S01899,25,Male,2.4,1457,563,2.43,Computer Science,0,5,1,3,4,5,37600,2,5,Entry,6,FALSE
S01907,23,Female,3.58,1001,123,2.03,Computer Science,0,7,5,6,5,4,56000,9,3,Mid,9,FALSE
S01921,29,Male,3.36,1536,180,2.65,Computer Science,1,2,1,7,4,1,38900,8,4,Mid,5,FALSE
S01930,19,Female,2.52,997,796,3.58,Computer Science,3,7,5,7,4,5,36700,8,1,Entry,7,FALSE
S01936,26,Male,3.16,1171,56,2.6,Computer Science,2,7,0,1,6,5,37400,3,1,Senior,4,TRUE
S01937,18,Female,3.55,1564,207,2.42,Computer Science,2,1,0,3,1,5,51200,10,3,Entry,6,FALSE
S01938,21,Female,2.67,1384,105,3.12,Computer Science,4,8,1,7,9,1,54800,2,4,Entry,9,TRUE
S01971,24,Male,2.77,1475,84,3.32,Computer Science,1,3,0,8,3,2,35500,10,2,Mid,8,FALSE
S01972,28,Male,2.86,950,376,3.53,Computer Science,0,6,3,8,7,0,33700,3,5,Mid,3,TRUE
S01990,20,Female,2.29,1593,13,2.9,Computer Science,1,4,0,5,2,5,61700,3,5,Entry,4,FALSE
S02023,21,Male,3.91,1470,164,2.74,Computer Science,3,5,0,1,6,4,27000,10,2,Mid,10,TRUE
S02041,19,Female,2.25,1020,483,2.32,Computer Science,4,5,4,8,10,4,26700,8,1,Mid,7,FALSE
S02042,21,Female,3.13,968,965,2.35,Computer Science,1,8,3,2,10,3,46700,4,1,Mid,6,FALSE
S02064,24,Female,3.74,1323,665,2.88,Computer Science,3,3,3,6,6,5,72800,8,1,Entry,9,TRUE
S02083,19,Male,2.51,1076,471,2.11,Computer Science,0,7,1,6,7,1,63700,2,1,Mid,3,FALSE
S02086,22,Female,2.39,1208,349,2.94,Computer Science,1,4,2,3,6,0,71700,8,3,Entry,4,FALSE
S02118,18,Male,2.16,1355,53,2.63,Computer Science,2,4,1,10,7,1,55200,5,2,Mid,10,FALSE
S02138,22,Female,3,1057,997,3.05,Computer Science,3,9,3,10,9,3,57900,2,3,Senior,5,FALSE
S02145,29,Male,2.53,1184,858,2.13,Computer Science,4,1,3,1,3,5,69700,10,5,Entry,10,TRUE
S02150,25,Male,3.99,1019,142,3.94,Computer Science,4,4,2,2,6,4,81800,5,1,Entry,8,FALSE
S02158,25,Male,2.74,1042,875,3.9,Computer Science,3,2,2,4,9,4,71000,7,1,Mid,5,TRUE
S02175,24,Male,3.43,1429,76,3.68,Computer Science,3,0,5,9,8,5,45900,10,2,Senior,3,FALSE
S02182,24,Male,3.39,900,875,3.34,Computer Science,3,6,5,7,9,1,46200,3,4,Entry,9,FALSE
S02188,19,Female,3.87,933,212,3.55,Computer Science,1,5,5,1,7,3,77900,3,1,Entry,4,FALSE
S02209,23,Male,3.43,1104,965,3.72,Computer Science,4,9,4,7,1,0,71100,1,2,Mid,9,FALSE
S02223,20,Female,3.75,974,816,2.09,Computer Science,1,6,0,3,10,3,80600,9,2,Mid,8,FALSE
S02226,19,Male,3.53,1041,484,2.57,Computer Science,1,9,2,7,2,5,55400,4,3,Entry,1,FALSE
S02234,24,Female,2.11,1255,707,2.8,Computer Science,2,9,5,3,7,0,26500,9,1,Mid,4,FALSE
S02235,26,Male,3.19,1176,270,3.01,Computer Science,0,0,3,9,3,2,43000,4,4,Mid,10,TRUE
S02242,20,Female,3.22,1170,811,2.94,Computer Science,2,3,1,7,9,5,78100,2,4,Mid,3,TRUE
S02246,18,Male,2.82,1138,685,2.66,Computer Science,3,1,4,10,1,1,56800,5,4,Entry,10,FALSE
S02247,18,Male,3.91,1043,849,3.32,Computer Science,1,1,0,3,4,4,69100,8,5,Entry,7,FALSE
S02250,23,Male,2.32,1475,885,2.05,Computer Science,3,4,5,3,5,1,61000,9,2,Entry,2,FALSE
S02252,28,Male,2.8,1492,607,2.79,Computer Science,2,1,0,9,3,5,32400,8,4,Entry,6,FALSE
S02263,23,Male,2.18,920,116,2.39,Computer Science,3,6,5,9,8,1,79800,8,4,Senior,2,TRUE
S02284,24,Female,3.11,1021,408,2.02,Computer Science,0,1,0,10,9,2,64900,1,3,Mid,2,TRUE
S02289,28,Female,3.61,963,443,2.04,Computer Science,3,1,0,5,5,5,69800,7,4,Entry,9,FALSE
S02301,20,Male,2.39,1593,146,2.24,Computer Science,4,9,4,9,7,4,25000,6,1,Mid,4,TRUE
S02303,27,Male,3.32,1057,168,3.67,Computer Science,0,1,1,8,4,5,49800,2,5,Entry,10,FALSE
S02323,21,Female,3.23,1513,454,2.06,Computer Science,2,3,3,5,1,2,31900,9,1,Entry,1,FALSE
S02335,23,Male,2.73,1255,786,2.64,Computer Science,0,9,2,4,5,5,53900,6,5,Mid,3,FALSE
S02336,22,Male,3.92,1498,343,3.05,Computer Science,3,0,1,7,4,5,37200,7,5,Executive,4,FALSE
S02341,26,Female,3.14,1348,281,2.62,Computer Science,3,1,2,5,1,2,90800,1,2,Mid,5,FALSE
S02344,27,Male,3.89,1014,253,3.56,Computer Science,3,2,1,3,8,3,60000,4,1,Entry,9,TRUE
S02349,18,Female,3.99,1531,232,2.98,Computer Science,0,1,5,6,4,2,42300,7,4,Senior,7,TRUE
S02370,18,Female,2.2,1038,174,3.3,Computer Science,3,3,1,6,6,0,25000,7,1,Mid,7,TRUE
S02375,24,Female,2.03,1534,85,3.98,Computer Science,3,0,3,10,5,4,62000,7,4,Mid,9,FALSE
S02377,18,Female,3.75,1163,201,2.23,Computer Science,3,5,4,7,5,4,25000,6,4,Entry,8,FALSE
S02380,20,Male,2.57,1390,297,3.19,Computer Science,1,7,1,2,5,1,57200,4,1,Entry,8,FALSE
S02381,29,Male,2.95,1210,56,3.39,Computer Science,3,9,4,1,9,5,53500,4,5,Mid,6,FALSE
S02401,25,Male,2.37,967,896,2.12,Computer Science,0,9,0,1,10,1,47900,7,4,Senior,7,FALSE
S02412,18,Other,2.57,1499,557,3.72,Computer Science,0,0,2,7,10,1,46500,8,5,Entry,1,FALSE
S02416,25,Male,2.08,1059,718,2.64,Computer Science,2,8,4,7,1,5,42100,2,1,Mid,5,FALSE
S02444,29,Other,3.05,1301,487,3.53,Computer Science,4,4,4,5,10,4,84000,9,4,Entry,6,FALSE
S02448,20,Other,3.74,917,737,3.49,Computer Science,1,6,1,1,8,3,36800,5,3,Mid,1,FALSE
S02450,24,Female,2.03,934,524,2.22,Computer Science,4,4,2,5,6,5,65700,8,2,Mid,3,FALSE
S02458,26,Male,3.5,1098,464,3.24,Computer Science,3,1,1,9,4,3,57000,9,2,Mid,1,FALSE
S02459,24,Male,2.68,1155,789,3.33,Computer Science,2,2,4,6,10,3,57300,2,4,Executive,6,FALSE
S02463,29,Female,3.41,1200,396,3.82,Computer Science,2,9,5,5,8,4,46700,8,2,Entry,6,TRUE
S02498,19,Other,2.7,1591,291,2.87,Computer Science,3,7,1,7,4,4,32800,2,2,Entry,8,FALSE
S02506,28,Male,2.18,1035,588,3.37,Computer Science,4,4,1,6,9,0,62500,1,1,Entry,7,FALSE
S02511,21,Male,3.29,1488,970,2.01,Computer Science,1,0,4,8,1,0,29600,10,3,Mid,9,FALSE
S02515,20,Male,3.41,1123,745,2.95,Computer Science,4,2,2,3,10,5,41500,2,2,Mid,1,FALSE
S02523,29,Female,3.91,1300,508,2.07,Computer Science,2,1,5,2,1,4,52600,4,5,Entry,4,TRUE
S02539,28,Female,3.3,1359,818,3.94,Computer Science,4,2,0,7,7,1,46100,9,5,Entry,8,FALSE
S02548,26,Female,3.78,1313,48,2.77,Computer Science,0,9,1,1,3,3,69600,2,4,Entry,1,TRUE
S02558,23,Male,2.27,1180,61,3.78,Computer Science,0,2,2,5,3,3,39500,5,2,Entry,1,FALSE
S02563,22,Male,2.22,1223,397,3.83,Computer Science,0,8,4,3,2,5,27600,6,5,Entry,2,FALSE
S02594,20,Male,2.72,1166,791,2.49,Computer Science,3,9,5,2,6,1,71700,1,3,Entry,6,FALSE
S02597,29,Female,2.13,1500,790,3.82,Computer Science,4,6,4,3,2,2,64600,5,1,Mid,10,FALSE
S02602,21,Female,3.18,1227,777,2.85,Computer Science,4,1,2,3,1,3,66500,5,1,Entry,10,FALSE
S02613,29,Female,2.4,1094,69,3.44,Computer Science,2,7,1,3,4,4,68700,9,3,Entry,10,FALSE
S02619,20,Male,3.22,1565,840,2.34,Computer Science,1,4,1,4,4,0,38800,1,4,Entry,6,FALSE
S02620,24,Female,2.55,1464,788,2.74,Computer Science,4,6,3,1,5,0,30700,6,2,Entry,2,FALSE
S02621,28,Male,3.43,1041,290,3.86,Computer Science,2,2,2,2,3,2,39700,9,2,Entry,5,FALSE
S02634,22,Other,3.55,1215,939,3.54,Computer Science,4,9,0,5,2,4,49900,2,4,Entry,6,FALSE
S02646,22,Male,3.36,1111,916,2.42,Computer Science,3,8,4,4,4,3,86300,10,3,Entry,9,FALSE
S02648,22,Male,3.86,1533,262,3.28,Computer Science,3,1,0,10,10,4,49400,10,5,Entry,5,TRUE
S02660,21,Female,3.71,1426,557,3.26,Computer Science,2,4,2,10,4,5,64400,4,2,Entry,9,FALSE
S02664,19,Female,2.71,1399,254,3.99,Computer Science,1,2,4,4,2,5,35500,7,1,Entry,1,TRUE
S02665,25,Female,3.78,1020,17,2.78,Computer Science,1,5,1,6,9,1,58800,9,3,Mid,3,FALSE
S02680,19,Female,3.14,1554,603,2.62,Computer Science,1,9,4,6,3,1,37800,6,3,Executive,4,TRUE
S02690,28,Female,3.36,1293,970,3.86,Computer Science,3,5,2,9,9,4,28200,10,5,Entry,10,FALSE
S02692,19,Female,3.23,962,351,2.68,Computer Science,0,8,1,9,4,0,53200,4,5,Entry,3,FALSE
S02699,29,Female,2.51,1257,214,3.39,Computer Science,3,3,4,4,6,2,47800,1,2,Entry,4,FALSE
S02704,29,Female,2.63,978,50,2.46,Computer Science,4,8,3,1,6,4,41300,3,1,Entry,3,FALSE
S02714,20,Female,2.51,1421,756,3.32,Computer Science,4,2,1,5,10,4,52300,4,3,Entry,6,FALSE
S02716,20,Female,3.85,957,473,2.78,Computer Science,4,3,1,3,10,2,37500,3,1,Entry,7,FALSE
S02723,27,Female,3.81,1457,483,3.48,Computer Science,4,7,5,3,9,0,72200,10,2,Entry,2,TRUE
S02726,21,Male,3.13,1347,940,2.12,Computer Science,0,2,4,3,9,4,79600,4,2,Senior,5,FALSE
S02730,29,Male,2.03,1156,497,2.51,Computer Science,3,7,5,10,1,5,43600,9,1,Senior,7,FALSE
S02737,25,Female,3.22,1554,738,2.73,Computer Science,0,8,2,9,1,1,52400,4,3,Mid,8,FALSE
S02739,23,Male,3.85,1585,84,2.23,Computer Science,1,5,5,8,8,3,33600,3,3,Executive,5,FALSE
S02750,21,Female,2.33,1085,17,3.63,Computer Science,3,3,2,4,9,2,45400,9,2,Entry,8,FALSE
S02757,19,Male,3.2,1318,450,3.64,Computer Science,0,1,3,5,1,1,56100,8,3,Entry,2,FALSE
S02761,29,Male,3.51,1524,216,2.09,Computer Science,3,1,3,5,4,0,60200,10,2,Entry,3,FALSE
S02763,25,Female,3.72,1572,848,3.39,Computer Science,0,2,4,7,7,0,49900,9,3,Entry,8,FALSE
S02764,19,Female,3.63,1233,415,2.21,Computer Science,1,1,5,8,4,4,41000,4,1,Mid,4,FALSE
S02771,18,Female,2.54,1122,846,3.17,Computer Science,4,7,5,5,8,5,55600,8,4,Mid,9,FALSE
S02779,29,Female,2.26,1397,795,2.25,Computer Science,0,7,4,8,5,5,68700,3,5,Entry,8,FALSE
S02788,20,Male,3.12,1115,835,3.36,Computer Science,4,3,3,7,7,1,64000,8,2,Entry,2,FALSE
S02804,24,Female,2.72,937,877,2.23,Computer Science,0,7,4,10,4,0,33400,1,5,Executive,8,FALSE
S02823,29,Male,2.74,1355,884,3.03,Computer Science,1,9,4,4,2,3,74000,10,2,Mid,4,FALSE
S02852,26,Female,3.22,1075,375,2.92,Computer Science,4,9,2,1,5,4,42300,8,1,Entry,8,FALSE
S02856,28,Male,2.62,1364,769,2.28,Computer Science,2,7,0,3,5,1,46800,2,1,Entry,1,FALSE
S02860,26,Female,3.34,1101,368,2.21,Computer Science,1,0,4,9,7,2,69800,5,1,Entry,2,FALSE
S02864,27,Male,3.52,1345,406,3.48,Computer Science,4,7,1,4,2,3,53400,10,1,Executive,6,FALSE
S02867,23,Male,2.12,1072,129,2.26,Computer Science,3,9,4,7,5,0,59300,4,2,Mid,10,FALSE
S02870,26,Male,2.17,1082,244,3.17,Computer Science,0,8,3,8,6,1,47900,7,5,Senior,1,FALSE
S02871,19,Male,3.69,1222,426,3.56,Computer Science,3,3,0,9,6,1,58400,5,5,Entry,7,FALSE
S02880,20,Male,2.06,1042,81,2.08,Computer Science,4,8,5,8,5,3,67900,2,4,Entry,5,FALSE
S02886,27,Female,3.98,1386,928,2.12,Computer Science,0,6,5,6,9,3,65100,9,5,Senior,7,FALSE
S02901,29,Female,2.45,1453,608,3.01,Computer Science,0,4,5,3,1,2,50200,8,5,Mid,2,FALSE
S02906,24,Female,3.83,1396,5,3.78,Computer Science,4,3,2,5,6,0,37800,6,1,Mid,4,TRUE
S02913,21,Male,3.32,975,785,2.47,Computer Science,0,3,0,9,5,5,31100,3,3,Entry,4,TRUE
S02934,24,Male,3.26,1495,610,2.04,Computer Science,3,9,5,6,3,2,45500,8,5,Entry,6,FALSE
S02936,24,Female,3.02,1459,375,3.22,Computer Science,0,1,2,6,8,5,46000,4,1,Entry,5,FALSE
S02937,18,Female,3.06,1538,404,3.23,Computer Science,0,1,5,1,6,2,57300,3,3,Mid,6,FALSE
S02959,27,Female,3.79,1424,176,3.5,Computer Science,3,8,2,10,7,0,69300,8,3,Entry,4,FALSE
S02966,28,Female,3.79,1591,181,2.55,Computer Science,3,0,5,3,4,2,67400,8,1,Entry,1,FALSE
S02977,27,Male,2.56,1375,759,3.93,Computer Science,4,3,2,10,9,2,36500,6,4,Mid,1,FALSE
S02979,22,Female,3.63,1424,680,3.3,Computer Science,3,2,2,6,5,5,79000,6,4,Entry,2,TRUE
S02981,21,Female,2.52,1423,277,3.52,Computer Science,4,6,3,6,5,1,51400,7,2,Entry,9,FALSE
S02989,21,Other,2.88,1036,50,2.37,Computer Science,3,9,2,9,6,2,68700,1,2,Senior,8,FALSE
S03006,25,Male,2.1,1394,681,3.74,Computer Science,1,3,5,5,2,4,76400,10,2,Mid,7,FALSE
S03016,20,Female,3.56,1301,393,3.33,Computer Science,1,0,0,3,10,1,44700,10,2,Entry,5,FALSE
S03037,19,Male,2.63,1006,789,3.43,Computer Science,3,5,1,10,5,0,44200,3,5,Entry,9,FALSE
S03040,24,Male,2.81,1355,142,2.36,Computer Science,2,7,4,9,4,1,68700,7,5,Entry,6,FALSE
S03043,25,Female,2.77,1521,914,3.22,Computer Science,3,6,5,1,1,1,38600,7,2,Senior,10,FALSE
S03045,21,Male,2.73,1311,941,3.47,Computer Science,2,5,4,4,3,1,38400,5,5,Entry,5,FALSE
S03048,22,Other,2.29,1298,632,3.83,Computer Science,0,1,3,8,9,0,35100,9,5,Senior,2,FALSE
S03063,25,Male,3.52,1177,242,3,Computer Science,2,4,3,7,5,2,57500,10,4,Mid,6,FALSE
S03076,27,Male,2.9,1131,61,2.08,Computer Science,0,1,3,8,7,3,47600,2,1,Entry,1,FALSE
S03081,18,Female,2.85,1380,529,3.97,Computer Science,2,3,0,6,5,1,70300,5,2,Mid,2,FALSE
S03082,18,Female,3.51,1302,305,3.08,Computer Science,4,3,4,7,3,5,47300,5,4,Senior,2,TRUE
S03109,23,Female,3.01,1050,225,3.22,Computer Science,0,6,1,8,4,5,50900,3,5,Entry,2,FALSE
S03121,22,Other,3.41,982,469,3.42,Computer Science,0,4,5,3,3,3,60800,3,5,Senior,4,FALSE
S03131,21,Female,2.39,1319,705,3.88,Computer Science,0,1,3,6,2,1,43100,4,5,Entry,9,FALSE
S03137,29,Female,2.99,943,928,2.65,Computer Science,0,8,5,5,8,5,37100,10,5,Entry,4,TRUE
S03146,18,Female,3.66,1029,142,3.49,Computer Science,4,9,1,4,3,3,64300,2,2,Senior,10,FALSE
S03149,20,Male,2.04,1149,823,2.24,Computer Science,4,9,1,1,6,0,56600,9,3,Entry,3,FALSE
S03152,21,Other,3.24,1363,866,2.42,Computer Science,2,6,2,8,9,1,71400,7,2,Mid,9,TRUE
S03155,28,Female,3.97,1355,817,2.04,Computer Science,0,9,0,9,8,0,48100,7,4,Entry,8,FALSE
S03156,19,Male,2.2,1333,994,3.95,Computer Science,1,4,5,1,10,1,33600,1,2,Mid,2,FALSE
S03161,28,Male,2.48,1338,902,2.94,Computer Science,2,5,2,2,8,5,32300,5,1,Senior,4,FALSE
S03162,25,Female,2.16,956,70,3.03,Computer Science,4,6,4,10,8,5,49300,3,3,Mid,1,FALSE
S03174,24,Other,2.87,1078,814,3.7,Computer Science,0,1,1,7,4,3,35900,10,4,Entry,4,TRUE
S03181,23,Female,3.21,1277,318,3.56,Computer Science,0,5,2,3,4,1,39100,6,1,Executive,6,TRUE
S03185,20,Male,2.33,1215,107,2.98,Computer Science,1,2,2,1,7,2,52700,2,2,Entry,5,FALSE
S03192,18,Male,2.59,1327,375,3.65,Computer Science,3,4,2,3,9,2,62700,10,5,Entry,10,FALSE
S03207,28,Female,3.77,1110,209,3.86,Computer Science,4,5,2,7,10,3,55400,3,1,Senior,1,FALSE
S03223,20,Female,2.43,1587,95,3.83,Computer Science,0,8,4,9,6,2,29400,7,5,Senior,5,TRUE
S03224,18,Male,2.14,1527,269,2.11,Computer Science,1,4,5,2,5,4,83600,7,3,Entry,3,FALSE
S03226,26,Other,3.51,1570,530,2.49,Computer Science,4,3,4,5,9,4,52700,8,2,Mid,5,FALSE
S03233,26,Female,3.8,1133,981,2.68,Computer Science,4,9,0,1,9,0,55300,2,2,Entry,4,FALSE
S03234,21,Male,2.25,1143,548,3.41,Computer Science,0,3,5,6,10,0,53900,1,4,Senior,5,FALSE
S03242,28,Female,2.24,1009,396,2.93,Computer Science,4,7,5,6,9,2,41700,8,5,Entry,10,FALSE
S03245,29,Female,2.9,1051,816,2.06,Computer Science,0,1,3,6,8,2,51900,7,2,Entry,1,TRUE
S03252,29,Female,3.45,1075,199,3.33,Computer Science,4,7,3,8,3,2,35100,1,5,Entry,8,FALSE
S03254,27,Male,3.36,1214,323,2.95,Computer Science,3,7,4,5,9,3,69700,4,5,Mid,7,FALSE
S03261,20,Male,2.83,1371,434,3.83,Computer Science,4,8,1,2,3,0,37900,9,5,Entry,4,FALSE
S03271,23,Female,2.55,1342,366,3.84,Computer Science,0,3,2,5,8,3,49600,1,1,Executive,6,FALSE
S03290,29,Female,3.36,1201,623,2.66,Computer Science,0,8,5,6,8,5,38900,2,5,Entry,3,FALSE
S03308,18,Female,2.33,1340,350,3.59,Computer Science,1,0,2,5,4,2,48300,7,4,Mid,3,FALSE
S03318,28,Male,2.07,1131,8,2.61,Computer Science,3,4,4,10,2,0,51800,10,2,Entry,4,FALSE
S03327,25,Female,3.52,978,806,2.29,Computer Science,2,4,2,8,8,1,39100,9,5,Mid,5,FALSE
S03335,25,Female,2.64,1515,846,3.88,Computer Science,3,2,4,9,7,2,25000,9,3,Entry,1,FALSE
S03336,27,Male,2.76,1426,707,3.24,Computer Science,2,6,5,4,9,5,51700,1,3,Mid,7,FALSE
S03338,24,Female,3.25,1056,90,2.49,Computer Science,2,1,2,10,8,2,64000,10,1,Entry,4,TRUE
S03344,27,Female,3.45,1085,713,2.19,Computer Science,0,1,1,2,7,0,51700,10,3,Entry,6,FALSE
S03358,25,Male,4,1599,263,2.83,Computer Science,4,5,2,4,3,3,35500,6,1,Entry,10,FALSE
S03366,25,Female,2.71,1345,259,3.3,Computer Science,1,6,1,6,6,5,55900,1,3,Senior,2,FALSE
S03368,26,Female,3.67,1179,803,2.29,Computer Science,2,0,1,8,4,1,65000,8,4,Entry,1,FALSE
S03380,19,Female,2.44,1508,679,2.87,Computer Science,3,2,2,1,8,3,45700,4,2,Entry,7,FALSE
S03396,20,Female,2.67,1139,419,3.23,Computer Science,4,6,1,7,3,2,49300,6,3,Mid,4,FALSE
S03400,26,Male,2.18,1234,437,3.55,Computer Science,1,1,2,1,8,5,56700,6,3,Entry,6,FALSE
S03403,20,Male,2.21,1548,288,2.59,Computer Science,3,8,3,7,9,0,52400,7,3,Entry,4,FALSE
S03409,24,Female,2.75,1157,499,3.27,Computer Science,1,1,0,2,8,2,46200,2,3,Senior,9,FALSE
S03414,26,Female,2.82,995,960,2.47,Computer Science,2,0,1,8,4,4,38000,7,4,Entry,4,FALSE
S03417,21,Male,2.15,1342,685,3.8,Computer Science,0,1,4,8,3,4,25000,4,2,Mid,9,FALSE
S03428,24,Male,3.49,930,501,2.86,Computer Science,1,9,3,3,2,0,42800,6,2,Entry,2,FALSE
S03433,29,Female,2.61,1436,321,2.6,Computer Science,0,3,3,3,2,2,65100,6,2,Senior,7,FALSE
S03444,25,Female,3.97,1346,22,3.24,Computer Science,1,0,5,4,6,2,49000,4,4,Mid,6,FALSE
S03446,23,Other,2.33,953,327,2.26,Computer Science,3,3,3,7,1,3,55000,1,4,Mid,4,FALSE
S03451,18,Male,3.07,1343,44,3.17,Computer Science,4,9,1,10,1,5,51800,3,5,Mid,4,FALSE
S03459,27,Other,3.82,1450,622,3.69,Computer Science,1,3,2,5,9,3,66100,10,1,Executive,9,FALSE
S03476,18,Male,2.61,1590,97,3.63,Computer Science,3,0,5,1,10,5,44500,2,4,Entry,4,FALSE
S03478,24,Male,3.09,1346,314,2.38,Computer Science,2,7,3,5,3,4,30500,6,2,Entry,3,TRUE
S03492,25,Male,2.01,1093,970,3.81,Computer Science,0,1,2,3,6,4,57700,2,4,Entry,4,FALSE
S03494,20,Male,2.37,1516,711,2.21,Computer Science,3,4,4,10,8,2,50800,6,5,Mid,10,TRUE
S03501,20,Male,2.35,1360,333,3.34,Computer Science,4,9,1,9,2,3,77900,3,3,Mid,3,FALSE
S03506,20,Female,2.23,1590,753,3.69,Computer Science,1,7,2,9,8,5,25000,9,3,Entry,3,FALSE
S03515,29,Male,2.48,1013,505,2.19,Computer Science,0,4,2,7,8,2,60600,6,4,Entry,5,FALSE
S03524,21,Other,3.58,1105,446,2.32,Computer Science,0,0,0,8,9,4,28100,1,1,Mid,5,FALSE
S03525,19,Male,3.64,1039,612,2.5,Computer Science,0,9,1,5,5,3,66200,3,1,Entry,7,TRUE
S03526,19,Female,2.58,961,444,3.57,Computer Science,1,3,1,9,8,4,41900,1,1,Mid,2,FALSE
S03531,19,Female,2.91,1035,566,2.25,Computer Science,1,4,2,10,3,0,53500,3,3,Entry,5,TRUE
S03532,22,Male,3.6,1229,375,2.55,Computer Science,0,2,5,10,5,0,33900,7,3,Entry,3,FALSE
S03551,19,Male,2.58,1184,198,2.4,Computer Science,0,7,2,10,4,1,47000,4,3,Mid,8,FALSE
S03555,26,Male,3.13,1553,280,2.65,Computer Science,3,6,3,4,2,1,79600,1,5,Entry,9,FALSE
S03557,29,Female,3.06,1544,129,3.02,Computer Science,3,0,1,7,7,0,61200,6,2,Executive,8,FALSE
S03564,23,Male,3.88,1155,294,2.28,Computer Science,1,2,1,10,5,3,32000,5,3,Senior,7,TRUE
S03566,25,Male,2.26,1429,850,3.81,Computer Science,3,4,0,10,3,5,49500,10,3,Entry,8,FALSE
S03568,18,Male,2.04,1291,687,2.43,Computer Science,2,2,5,3,5,0,63800,8,2,Executive,10,FALSE
S03584,29,Male,2,1567,901,3,Computer Science,0,9,1,2,1,4,57300,7,5,Entry,1,FALSE
S03588,19,Male,2.6,1275,693,3.52,Computer Science,1,4,4,1,2,5,55800,10,4,Mid,8,FALSE
S03589,21,Male,3.12,960,337,3.21,Computer Science,0,6,3,5,6,2,57500,1,5,Senior,9,TRUE
S03605,25,Male,3.4,1466,856,2.06,Computer Science,2,1,5,6,9,3,57200,10,2,Senior,6,FALSE
S03616,19,Male,3.98,1376,313,3.66,Computer Science,4,6,4,9,4,3,75100,1,2,Senior,5,FALSE
S03622,22,Male,2.46,1340,878,3.73,Computer Science,0,1,2,10,7,4,68600,4,4,Senior,7,FALSE
S03624,18,Female,3.96,1125,795,3.9,Computer Science,1,3,5,6,10,5,70300,9,4,Executive,3,FALSE
S03629,29,Female,2.93,1232,547,3.29,Computer Science,0,7,1,2,6,4,50200,4,4,Mid,8,FALSE
S03632,20,Male,3.13,1187,292,2.36,Computer Science,4,7,4,8,7,2,25000,7,3,Entry,5,TRUE
S03633,28,Male,2.15,1013,66,2.41,Computer Science,0,1,2,7,5,2,64300,10,3,Senior,5,FALSE
S03642,21,Female,2.26,1406,596,2.27,Computer Science,0,4,0,10,3,4,68700,1,5,Entry,10,TRUE
S03657,27,Female,3.36,1391,794,2.81,Computer Science,0,3,1,6,10,2,50400,1,4,Entry,3,FALSE
S03687,21,Male,2.55,984,349,2.61,Computer Science,4,0,2,4,8,5,40200,8,4,Entry,4,FALSE
S03701,20,Male,3.31,1588,119,2.32,Computer Science,1,1,3,5,8,5,39500,5,3,Mid,6,FALSE
S03723,19,Female,3.71,1236,685,2.64,Computer Science,0,7,0,8,1,1,41500,4,2,Entry,6,TRUE
S03727,25,Male,3.5,1410,266,2.97,Computer Science,0,2,5,4,10,0,47500,10,4,Executive,7,FALSE
S03742,22,Male,2.72,1011,243,3,Computer Science,1,5,1,8,8,1,76000,6,5,Entry,9,TRUE
S03752,29,Female,2.66,1204,715,3.01,Computer Science,1,6,4,4,6,3,34500,2,1,Entry,6,TRUE
S03753,22,Female,3.3,1189,935,3.93,Computer Science,0,9,4,5,2,3,50900,2,5,Entry,6,FALSE
S03760,23,Female,3.13,1154,907,3.94,Computer Science,4,6,4,10,5,5,43400,2,2,Mid,5,FALSE
S03762,20,Female,3.59,1041,37,3.81,Computer Science,2,7,2,8,9,2,64600,6,4,Entry,5,TRUE
S03763,20,Female,3.16,968,659,2.89,Computer Science,0,2,4,5,5,1,53800,1,1,Entry,9,FALSE
S03768,23,Female,3.95,1422,444,2.27,Computer Science,1,6,5,4,7,2,60900,5,2,Entry,2,FALSE
S03776,24,Male,3.75,1476,982,2.48,Computer Science,4,5,1,6,1,0,58000,2,4,Mid,6,FALSE
S03785,28,Female,2.15,1133,299,2.15,Computer Science,1,7,4,10,6,1,62600,9,3,Mid,1,FALSE
S03790,24,Male,3.1,1452,870,2.5,Computer Science,0,1,1,1,3,4,40000,8,5,Mid,4,FALSE
S03801,23,Male,2.81,1550,969,2.51,Computer Science,0,3,0,8,4,4,40500,6,4,Entry,10,FALSE
S03808,23,Male,2.59,1319,171,2.51,Computer Science,4,1,4,9,2,5,34300,8,3,Mid,3,FALSE
S03809,28,Female,2.85,1295,32,2.56,Computer Science,3,5,4,7,1,3,73700,5,2,Entry,8,TRUE
S03812,27,Female,3.45,1544,983,2.64,Computer Science,0,4,0,8,9,2,56800,4,5,Senior,9,FALSE
S03824,19,Female,3.95,946,342,2.32,Computer Science,1,4,2,2,2,4,57000,6,2,Entry,7,FALSE
S03829,24,Male,3.34,1565,847,2.59,Computer Science,1,7,3,6,2,4,35000,10,1,Entry,7,FALSE
S03830,24,Female,2.93,1054,166,3.24,Computer Science,1,4,1,6,8,5,49800,2,2,Entry,10,FALSE
S03837,22,Female,3.53,1002,607,3.32,Computer Science,2,9,4,2,6,3,42800,1,4,Entry,6,FALSE
S03843,18,Female,3.34,1410,318,3.02,Computer Science,0,3,3,10,2,4,25000,3,5,Entry,3,TRUE
S03846,19,Female,3.3,1037,876,2.82,Computer Science,4,9,0,2,2,4,59700,8,3,Entry,4,FALSE
S03852,23,Male,2.97,954,573,3.8,Computer Science,0,4,2,10,5,1,28400,6,3,Entry,9,FALSE
S03853,28,Other,2.28,1191,449,3.56,Computer Science,2,6,2,5,7,4,53300,9,5,Entry,2,TRUE
S03857,29,Female,2.03,1111,57,2.47,Computer Science,0,3,4,1,5,3,42700,2,5,Entry,10,FALSE
S03873,27,Male,2.08,989,742,3.94,Computer Science,0,4,3,7,9,5,35000,2,5,Entry,3,FALSE
S03874,25,Female,3.98,1562,165,3.62,Computer Science,4,1,5,9,1,1,54900,4,3,Mid,9,TRUE
S03903,27,Female,2.26,1081,67,3.67,Computer Science,4,1,5,10,9,4,74900,10,5,Entry,10,FALSE
S03908,21,Male,3.16,1394,184,2.98,Computer Science,1,3,4,10,5,3,54700,5,4,Mid,4,FALSE
S03909,19,Male,2.7,1454,208,2.33,Computer Science,4,2,4,8,6,3,49400,4,3,Mid,7,TRUE
S03918,24,Female,3.36,1455,530,2.64,Computer Science,3,7,0,6,9,5,25000,4,5,Entry,10,FALSE
S03927,28,Female,2.67,1213,484,3.92,Computer Science,1,6,1,9,10,1,67200,1,4,Mid,3,TRUE
S03948,29,Female,2.21,1007,605,2.13,Computer Science,1,8,2,8,4,0,48100,10,1,Entry,10,FALSE
S03949,28,Male,2.42,1100,447,3.3,Computer Science,4,1,4,2,6,2,32400,6,5,Mid,4,FALSE
S03951,18,Female,3.34,1448,278,3.65,Computer Science,0,2,3,2,9,1,57300,6,3,Entry,9,FALSE
S03954,26,Female,3.07,1381,801,3.71,Computer Science,3,8,0,5,4,5,29400,5,1,Mid,5,TRUE
S03955,28,Male,3.59,1163,399,3.15,Computer Science,1,3,3,3,6,5,27100,4,3,Senior,8,FALSE
S03965,25,Female,3.55,1014,459,2.66,Computer Science,0,4,5,7,5,0,56500,9,3,Entry,4,FALSE
S03967,20,Male,2.08,900,831,3.64,Computer Science,2,5,4,1,3,4,47000,9,2,Entry,8,FALSE
S03975,28,Male,2.66,1276,301,2.13,Computer Science,3,8,3,9,9,2,74900,6,5,Senior,10,FALSE
S03979,27,Female,3.34,1393,341,2.5,Computer Science,3,5,1,9,3,0,59300,8,1,Entry,10,TRUE
S03995,20,Male,2.51,904,136,2.56,Computer Science,2,7,3,5,6,3,26500,2,2,Senior,7,FALSE
S03999,27,Male,2.19,1435,958,3.28,Computer Science,3,2,5,1,8,4,52400,8,2,Entry,10,FALSE
S04000,18,Female,2.77,1241,486,3.52,Computer Science,0,7,0,8,5,1,55900,5,1,Executive,3,FALSE
S04012,24,Female,3.36,903,260,3.46,Computer Science,2,9,2,1,2,4,45400,9,2,Entry,8,FALSE
S04024,23,Female,3.17,1485,200,2.35,Computer Science,3,3,1,2,10,0,64000,4,4,Entry,6,FALSE
S04025,18,Male,2.4,1173,242,3.02,Computer Science,0,1,5,4,8,3,52200,3,2,Senior,4,FALSE
S04028,19,Female,2.23,1252,165,3.17,Computer Science,2,2,2,7,1,5,42200,5,4,Entry,9,FALSE
S04032,24,Female,3.97,1497,677,3.85,Computer Science,3,4,5,2,2,0,52700,8,4,Entry,7,FALSE
S04038,29,Male,3,1462,773,2.65,Computer Science,3,1,0,10,4,5,64100,4,1,Entry,5,FALSE
S04047,22,Male,2.31,1145,931,3.99,Computer Science,4,3,5,1,7,5,34700,4,4,Mid,7,FALSE
S04058,22,Female,3.55,1011,637,3.97,Computer Science,1,8,3,2,8,2,59500,1,4,Entry,5,FALSE
S04062,25,Male,2.67,929,347,2.74,Computer Science,1,9,3,5,8,0,43700,5,5,Entry,3,FALSE
S04085,21,Female,2.91,1010,132,3.83,Computer Science,2,4,2,6,5,2,37800,6,1,Entry,3,FALSE
S04087,29,Male,3.51,1368,718,2.8,Computer Science,2,5,4,1,3,1,58200,8,2,Entry,10,FALSE
S04102,24,Female,3.06,1543,431,2.68,Computer Science,3,6,2,6,10,5,45500,6,4,Senior,5,FALSE
S04106,24,Male,2.14,1006,228,2.01,Computer Science,2,3,0,5,3,5,25000,5,2,Entry,10,FALSE
S04110,26,Female,3.96,1078,973,3.08,Computer Science,3,4,4,4,5,5,52400,4,1,Senior,2,FALSE
S04116,21,Female,2.2,1452,997,3.91,Computer Science,3,7,3,3,6,0,52700,4,3,Senior,9,FALSE
S04136,24,Female,3.91,1020,334,3.41,Computer Science,1,9,2,3,9,0,53000,2,2,Entry,6,FALSE
S04138,27,Male,2.66,935,406,2.91,Computer Science,0,2,0,2,6,0,53100,2,4,Entry,7,FALSE
S04140,27,Male,2.49,1188,535,3.08,Computer Science,1,9,0,8,3,4,34900,7,5,Entry,8,TRUE
S04150,23,Male,2.62,1305,564,2.28,Computer Science,4,7,1,7,8,1,44400,7,4,Entry,1,TRUE
S04155,29,Female,2.6,1383,938,3.34,Computer Science,1,7,3,9,8,0,46800,4,3,Senior,10,TRUE
S04161,27,Male,2.34,965,479,2.36,Computer Science,2,3,1,4,9,3,25000,8,1,Mid,9,FALSE
S04168,21,Female,2.27,1479,862,3.58,Computer Science,4,6,4,6,5,2,64600,5,3,Mid,9,FALSE
S04179,26,Female,2.54,1062,136,3.31,Computer Science,4,9,2,6,6,3,77100,10,2,Mid,5,TRUE
S04180,26,Male,2.18,1231,399,2.99,Computer Science,4,0,3,1,1,2,57400,8,1,Senior,1,FALSE
S04184,19,Female,2.13,1367,961,3.02,Computer Science,3,0,2,4,7,1,52300,6,2,Entry,4,FALSE
S04197,27,Male,3.31,1029,800,2.95,Computer Science,2,4,5,9,6,3,47900,3,2,Entry,3,TRUE
S04206,23,Female,3.96,1495,965,3.55,Computer Science,4,3,2,8,2,3,47400,3,3,Entry,8,FALSE
S04214,19,Male,3.03,994,695,3.85,Computer Science,0,7,3,3,5,2,30000,7,3,Mid,9,FALSE
S04221,20,Male,2.11,1373,537,3.99,Computer Science,0,5,5,7,5,1,25000,1,3,Entry,6,FALSE
S04224,28,Female,2.81,1470,981,3.39,Computer Science,0,0,0,4,3,2,25000,3,5,Entry,5,FALSE
S04225,27,Male,2.03,1595,141,3.94,Computer Science,4,2,1,4,7,3,52100,8,3,Mid,4,TRUE
S04230,26,Male,2.38,967,300,3.29,Computer Science,4,5,3,3,2,1,39200,10,5,Mid,8,TRUE
S04237,19,Female,3.32,1442,914,2.15,Computer Science,0,3,0,10,6,2,49400,9,3,Executive,5,FALSE
S04251,24,Female,2.97,1408,231,2.56,Computer Science,2,3,0,3,5,0,75000,7,1,Mid,5,FALSE
S04252,25,Male,2.27,1143,804,2.61,Computer Science,1,6,0,9,4,2,88200,5,3,Mid,5,FALSE
S04256,18,Male,3.06,1202,845,2.13,Computer Science,0,6,0,3,2,3,49100,10,1,Entry,8,FALSE
S04260,28,Female,3.17,1433,115,3.68,Computer Science,0,2,2,3,5,2,33300,4,4,Entry,8,FALSE
S04261,21,Female,3.56,1083,159,2.37,Computer Science,2,2,0,4,6,4,70100,7,3,Entry,6,FALSE
S04263,19,Male,3.36,1449,373,3.01,Computer Science,3,9,1,7,4,1,54500,1,3,Senior,3,FALSE
S04270,21,Male,2.26,1166,358,2.47,Computer Science,1,3,5,7,5,2,56700,10,5,Entry,1,FALSE
S04277,25,Female,2.07,1298,270,2.77,Computer Science,0,1,3,5,9,0,61400,2,5,Mid,4,FALSE
S04280,25,Female,2.2,1109,209,2.39,Computer Science,1,5,4,6,7,2,50400,8,1,Entry,1,FALSE
S04284,28,Male,3.64,1201,357,3.35,Computer Science,1,3,5,1,9,2,51300,9,2,Mid,3,FALSE
S04292,21,Female,3.28,1104,467,3.67,Computer Science,3,2,1,7,9,2,31500,4,3,Entry,2,TRUE
S04297,28,Male,3.39,1002,733,2.9,Computer Science,2,1,4,7,8,3,71100,7,2,Mid,3,FALSE
S04300,18,Male,3.12,1576,244,2.33,Computer Science,3,7,1,7,3,5,27800,4,1,Mid,9,FALSE
S04302,24,Male,2.95,1578,905,2.82,Computer Science,2,1,0,7,10,4,53300,1,1,Entry,2,FALSE
S04311,24,Male,2.54,1599,102,2.77,Computer Science,2,8,4,8,6,5,51700,5,4,Entry,6,FALSE
S04318,22,Female,2.27,1129,103,2.62,Computer Science,0,9,3,8,9,0,56000,3,2,Mid,6,TRUE
S04319,28,Other,2.31,1380,846,2.44,Computer Science,2,5,4,7,6,1,75600,10,2,Mid,2,FALSE
S04329,24,Female,3.15,1051,676,3.61,Computer Science,2,4,4,10,5,2,35200,2,4,Entry,6,FALSE
S04335,22,Female,3.44,1471,250,3.65,Computer Science,0,5,1,1,5,2,77400,1,1,Mid,5,FALSE
S04336,27,Male,2.43,1128,911,3.55,Computer Science,4,9,3,5,9,0,55900,3,4,Mid,5,FALSE
S04337,18,Male,3.44,1259,447,3.34,Computer Science,1,2,1,2,7,3,78300,7,5,Mid,5,FALSE
S04346,25,Female,2.82,1282,797,2.62,Computer Science,4,4,3,10,6,2,39000,4,1,Entry,1,FALSE
S04351,27,Male,2.79,1505,287,2.16,Computer Science,3,8,4,3,2,4,42100,4,2,Executive,1,TRUE
S04367,21,Female,3.67,1421,809,3.94,Computer Science,1,2,4,9,7,5,25000,2,3,Mid,2,FALSE
S04373,26,Female,3.17,1086,266,2.36,Computer Science,0,1,4,6,9,4,50100,9,5,Entry,3,FALSE
S04378,22,Other,3.53,1578,854,2.18,Computer Science,0,4,0,7,5,0,57100,2,4,Senior,10,FALSE
S04399,22,Male,3.87,1378,117,2.75,Computer Science,3,4,5,4,4,4,49200,9,1,Entry,5,FALSE
S04412,24,Male,2.34,937,791,2.24,Computer Science,1,1,0,1,5,0,61300,7,4,Entry,3,FALSE
S04424,21,Female,3.81,1287,171,2.51,Computer Science,3,4,5,1,1,5,47500,8,5,Entry,4,FALSE
S04431,26,Female,2.44,1270,111,2.04,Computer Science,2,8,0,6,2,1,49000,10,1,Entry,10,FALSE
S04437,21,Female,2.47,1068,687,2.49,Computer Science,3,5,4,8,3,2,26900,7,5,Executive,3,FALSE
S04446,28,Female,2.5,1241,35,3.15,Computer Science,4,2,5,8,4,5,64800,5,2,Entry,4,FALSE
S04447,24,Male,2.18,1578,871,2.82,Computer Science,3,8,5,8,10,3,57700,7,5,Mid,6,FALSE
S04455,27,Male,3.31,1498,285,3.52,Computer Science,1,4,4,7,1,0,45600,9,4,Senior,2,TRUE
S04460,21,Male,2.65,1212,227,3.77,Computer Science,3,3,4,9,6,2,54700,9,4,Entry,8,TRUE
S04461,26,Female,2.3,1340,796,3.58,Computer Science,3,7,4,3,5,1,37700,6,2,Entry,9,FALSE
S04464,22,Female,3.23,1517,568,3.01,Computer Science,2,5,2,6,6,2,41600,7,2,Entry,3,TRUE
S04471,18,Female,3.44,1294,43,2.48,Computer Science,2,9,3,6,2,4,65700,3,5,Entry,10,FALSE
S04477,28,Male,2.36,1457,464,2.08,Computer Science,4,2,4,1,10,5,51100,9,4,Executive,7,FALSE
S04486,28,Female,3.6,1069,428,2.62,Computer Science,3,9,4,10,10,2,61600,8,5,Mid,2,FALSE
S04494,20,Female,3.91,1354,828,2.39,Computer Science,2,5,3,4,8,4,58300,7,2,Senior,2,TRUE
S04495,18,Female,2.83,956,258,2.71,Computer Science,3,1,0,8,6,1,32700,3,3,Entry,4,FALSE
S04502,27,Male,2.12,1037,759,2.39,Computer Science,4,6,3,9,8,3,51300,3,5,Entry,5,FALSE
S04503,21,Other,3.39,1353,175,3.93,Computer Science,4,0,2,6,3,4,47000,6,5,Entry,2,FALSE
S04527,18,Female,3.53,1021,535,3.54,Computer Science,2,8,5,8,4,4,65900,7,5,Entry,3,FALSE
S04528,22,Male,2.05,1316,845,2.51,Computer Science,3,0,4,1,10,1,38100,8,3,Mid,6,FALSE
S04531,25,Male,2.7,1474,615,2.79,Computer Science,0,7,5,5,5,5,61100,5,3,Mid,5,FALSE
S04556,20,Male,2.42,1053,583,2.39,Computer Science,4,2,2,5,7,1,43600,9,3,Entry,7,TRUE
S04561,29,Male,2.67,1456,950,2.62,Computer Science,3,8,1,8,6,3,44500,4,1,Entry,7,TRUE
S04576,22,Female,2.87,1327,504,2.27,Computer Science,4,3,1,7,4,0,47200,1,5,Entry,8,FALSE
S04579,28,Female,3.09,1441,440,3.01,Computer Science,3,9,4,10,2,1,25900,2,4,Mid,4,FALSE
S04580,18,Male,2.41,1394,198,3.93,Computer Science,4,7,3,4,8,5,56600,10,5,Entry,2,TRUE
S04598,25,Female,3.75,1084,545,2.62,Computer Science,0,6,1,9,2,1,64400,2,5,Entry,9,FALSE
S04606,27,Other,3.19,954,22,3.03,Computer Science,4,9,1,7,2,5,61300,8,2,Mid,1,FALSE
S04609,19,Male,3.57,1195,489,2.48,Computer Science,0,2,2,8,8,1,71900,4,3,Entry,1,FALSE
S04612,22,Male,3.94,1477,258,2.09,Computer Science,0,2,4,6,4,4,51400,9,3,Entry,10,FALSE
S04614,26,Male,2.23,1165,47,2.75,Computer Science,0,7,0,2,9,2,32300,1,5,Entry,3,TRUE
S04627,27,Female,2.88,1293,462,3.12,Computer Science,1,3,1,7,7,5,36900,6,3,Mid,10,TRUE
S04630,20,Male,3.6,1529,776,2.61,Computer Science,2,7,4,1,9,1,59500,8,2,Mid,2,FALSE
S04631,19,Female,2.9,1283,673,3.28,Computer Science,1,3,2,5,10,5,86200,6,1,Entry,2,FALSE
S04634,27,Male,2.68,913,327,2.32,Computer Science,1,7,1,3,1,5,31700,5,1,Entry,4,FALSE
S04637,27,Female,3.12,1103,630,2.04,Computer Science,1,6,3,8,7,3,71500,4,5,Entry,7,FALSE
S04640,24,Male,2.57,922,775,2.7,Computer Science,3,7,3,5,6,2,32900,9,1,Entry,1,FALSE
S04649,20,Female,3.77,1223,881,3.23,Computer Science,3,9,2,4,7,2,43200,4,4,Senior,8,TRUE
S04653,22,Female,3.23,1173,302,2.45,Computer Science,1,4,1,6,10,3,30400,3,2,Entry,10,TRUE
S04660,26,Male,4,1362,988,3.17,Computer Science,3,1,1,4,7,1,61000,1,5,Executive,9,FALSE
S04667,29,Male,2.85,1419,262,2.2,Computer Science,2,3,4,3,8,2,61000,5,5,Mid,5,FALSE
S04668,19,Male,3.46,1305,842,3.87,Computer Science,0,4,4,2,2,1,59700,8,1,Entry,8,FALSE
S04671,20,Other,3.01,1221,451,3.96,Computer Science,2,9,4,10,6,3,55000,9,2,Entry,7,FALSE
S04672,27,Female,3.85,1506,903,3.56,Computer Science,1,7,0,8,10,5,74800,10,2,Mid,1,FALSE
S04685,26,Male,2.69,1124,465,3.87,Computer Science,1,4,5,1,9,2,69100,4,5,Executive,8,FALSE
S04705,28,Female,2.02,974,222,2.86,Computer Science,4,3,1,7,5,0,50800,1,4,Senior,10,FALSE
S04707,19,Female,3.96,935,675,3.06,Computer Science,4,5,2,4,5,2,47800,10,3,Entry,2,TRUE
S04711,22,Female,3.13,1565,504,2.3,Computer Science,3,2,4,5,4,1,37700,10,4,Entry,7,TRUE
S04716,26,Female,3.28,1337,527,2.21,Computer Science,4,6,2,5,1,1,61700,9,3,Senior,6,TRUE
S04720,25,Female,3.95,1407,444,3.11,Computer Science,2,6,0,3,1,3,84600,2,1,Mid,3,TRUE
S04724,26,Male,3.35,1292,64,3.78,Computer Science,1,0,3,7,5,2,58900,8,4,Entry,3,TRUE
S04728,21,Male,2.4,1008,239,3.72,Computer Science,1,0,4,10,3,2,77200,4,4,Entry,7,FALSE
S04761,25,Female,3.59,1334,293,3.92,Computer Science,1,4,3,6,4,1,52100,4,2,Mid,7,FALSE
S04763,25,Female,2.39,1010,988,3.8,Computer Science,0,2,3,3,1,3,67500,4,2,Entry,4,FALSE
S04780,25,Female,3.89,1324,877,3.43,Computer Science,0,7,0,10,3,4,66800,9,4,Entry,3,FALSE
S04781,28,Male,2.55,1293,768,2.1,Computer Science,3,8,3,2,5,4,34300,9,5,Entry,4,FALSE
S04789,27,Male,3.39,1339,196,2.74,Computer Science,2,2,3,3,8,3,55600,3,2,Mid,8,FALSE
S04802,26,Other,2.6,1151,932,3.24,Computer Science,1,5,0,3,5,3,61900,3,4,Entry,7,FALSE
S04806,28,Female,3.27,992,392,3.1,Computer Science,4,2,1,1,5,1,41600,9,5,Mid,8,FALSE
S04822,18,Female,2.09,938,46,2.87,Computer Science,4,2,2,10,9,1,54800,5,4,Mid,3,FALSE
S04831,20,Female,3.34,1457,49,2.86,Computer Science,1,9,0,7,8,5,37100,4,5,Entry,1,FALSE
S04832,21,Female,2.36,1215,803,2.3,Computer Science,1,5,0,4,7,5,56300,8,4,Entry,4,TRUE
S04835,21,Female,3.31,1567,657,3.78,Computer Science,4,3,3,1,8,5,44400,9,1,Entry,8,TRUE
S04846,25,Male,3.45,1516,302,2.47,Computer Science,3,4,0,5,2,0,48000,7,2,Senior,9,FALSE
S04851,21,Female,2.53,1011,957,2.57,Computer Science,3,3,4,8,1,2,56400,7,4,Entry,4,FALSE
S04856,24,Male,2.12,1555,342,3.9,Computer Science,4,6,2,9,6,1,84800,7,5,Entry,3,FALSE
S04858,18,Male,2.25,1423,9,3.35,Computer Science,2,9,5,10,6,1,40200,4,2,Senior,1,FALSE
S04863,20,Male,3.09,1203,12,2.31,Computer Science,2,0,0,5,3,2,42100,3,5,Mid,3,FALSE
S04874,20,Male,3.68,1452,915,3.28,Computer Science,1,2,4,6,5,1,36600,10,1,Mid,10,FALSE
S04888,23,Female,3.87,1439,527,2.03,Computer Science,2,8,1,1,5,5,53200,10,1,Mid,5,TRUE
S04891,23,Female,3.68,1457,412,3.72,Computer Science,1,1,0,1,5,4,62000,3,2,Mid,6,TRUE
S04892,23,Male,2.73,915,522,2.93,Computer Science,4,8,4,4,8,1,66600,1,1,Entry,2,FALSE
S04893,18,Male,2.15,1355,569,3.06,Computer Science,1,8,5,6,1,3,55500,5,1,Entry,8,FALSE
S04896,27,Male,3.7,1057,775,3.29,Computer Science,3,5,4,1,4,0,60300,2,2,Entry,7,FALSE
S04901,20,Male,2.01,1244,631,3.41,Computer Science,0,6,0,7,9,2,65300,8,4,Entry,2,FALSE
S04903,19,Female,3.11,913,124,2.21,Computer Science,2,7,3,1,4,0,39300,2,1,Entry,8,FALSE
S04920,20,Female,2.72,1054,891,3.52,Computer Science,3,6,0,3,4,0,80400,8,1,Mid,4,TRUE
S04933,22,Female,3.65,1539,289,3.57,Computer Science,2,5,2,2,7,2,50200,6,3,Executive,2,FALSE
S04946,24,Female,3.35,948,551,2.93,Computer Science,3,3,2,5,3,5,25000,3,3,Mid,4,FALSE
S04951,28,Female,3.46,986,377,2.06,Computer Science,1,1,3,3,3,5,49900,9,4,Entry,10,TRUE
S04952,26,Other,2.88,1373,705,2.25,Computer Science,2,7,2,6,7,3,52400,1,4,Mid,6,FALSE
S04953,28,Male,2.68,1181,497,2.28,Computer Science,0,1,3,5,3,2,45500,2,1,Entry,8,FALSE
S04977,19,Female,3.08,1461,352,2.16,Computer Science,0,8,0,2,5,0,25000,5,3,Entry,1,FALSE
S04989,23,Male,2.58,1379,352,2.8,Computer Science,1,1,0,2,5,5,48200,6,3,Senior,2,FALSE
S04994,29,Male,2,1493,860,3.72,Computer Science,1,5,0,5,5,1,49700,6,2,Entry,5,FALSE
S05000,23,Female,2.19,1145,82,3.19,Computer Science,2,6,0,5,8,2,57000,2,5,Senior,9,FALSE
